{"cameraMode":{"drawMode":0,"name":"Shaded","section":"Shading Mode"},"sceneLighting":true,"audioPlay":false,"sceneViewState":{"showFog":true,"showMaterialUpdate":false,"showSkybox":true,"showFlares":true,"showImageEffects":true,"showParticleSystems":true},"in2DMode":false,"pivot":{"x":4.982519149780273,"y":10.964994430541993,"z":-0.9513626098632813},"rotation":{"x":0.26578110456466677,"y":0.08144203573465347,"z":-0.02253471314907074,"w":0.9603370428085327},"size":39.362632751464847,"orthographic":false}