{"cameraMode":{"drawMode":0,"name":"Shaded","section":"Shading Mode"},"sceneLighting":true,"audioPlay":false,"sceneViewState":{"showFog":true,"showMaterialUpdate":false,"showSkybox":true,"showFlares":true,"showImageEffects":true,"showParticleSystems":true},"in2DMode":false,"pivot":{"x":4.982519149780273,"y":10.964994430541993,"z":-0.9513626098632813},"rotation":{"x":-0.3537987768650055,"y":-0.5681362152099609,"z":0.2946943938732147,"w":-0.6820797324180603},"size":39.362632751464847,"orthographic":false}