{"cameraMode":{"drawMode":0,"name":"Shaded","section":"Shading Mode"},"sceneLighting":true,"audioPlay":false,"sceneViewState":{"showFog":true,"showMaterialUpdate":false,"showSkybox":true,"showFlares":true,"showImageEffects":true,"showParticleSystems":true},"in2DMode":false,"pivot":{"x":13.030726432800293,"y":14.268131256103516,"z":-18.80536651611328},"rotation":{"x":-0.3537987768650055,"y":-0.5681362152099609,"z":0.2946943938732147,"w":-0.6820797324180603},"size":39.362632751464847,"orthographic":false}