{"cameraMode":{"drawMode":0,"name":"Shaded","section":"Shading Mode"},"sceneLighting":true,"audioPlay":false,"sceneViewState":{"showFog":true,"showMaterialUpdate":false,"showSkybox":true,"showFlares":true,"showImageEffects":true,"showParticleSystems":true},"in2DMode":false,"pivot":{"x":-3.162339210510254,"y":3.252574920654297,"z":0.5283429026603699},"rotation":{"x":-0.2100946605205536,"y":-0.6718912720680237,"z":0.20783573389053346,"w":-0.6791680455207825},"size":45.70900344848633,"orthographic":false}