{"cameraMode":{"drawMode":0,"name":"Shaded","section":"Shading Mode"},"sceneLighting":false,"audioPlay":false,"sceneViewState":{"showFog":true,"showMaterialUpdate":false,"showSkybox":false,"showFlares":true,"showImageEffects":true,"showParticleSystems":true},"in2DMode":false,"pivot":{"x":-10.07420825958252,"y":13.026676177978516,"z":7.0157880783081059},"rotation":{"x":-0.2832809090614319,"y":-0.6885587573051453,"z":0.33927232027053835,"w":-0.5749344229698181},"size":2.8578836917877199,"orthographic":false}